"Parameter","Mean","Median","StDev","q5","q95","rhat","ess_bulk","ess_tail"
"Intercept",0.0097632816875,0.009725035,0.00148437452684379,0.007353783,0.012141955,1.00482069766988,643.381590173933,903.322050524955
"DBH (m)",1.0152723025,1.01526,0.000572748578110135,1.01433,1.01622,0.999917066614471,4738.33747167827,3092.27479061189
"SD Plots",0.0061792066875,0.00604581,0.00130168010638497,0.0043890465,0.0085461125,1.00117687538676,909.874192665836,1621.39631837991
"SD Residual",0.012561841875,0.0125606,0.000117904012879323,0.012370265,0.012755605,0.999914932367596,4956.67673814526,3137.12702201386
