"Parameter","Mean","Median","StDev","q5","q95","rhat","ess_bulk","ess_tail"
"Mean Recr Size (cm)",-0.39206721675,-0.3922655,0.0320544884432135,-0.4446265,-0.33994035,1.00044729887119,4194.44231266736,2818.30065940234
"SD Recr Size (cm)",0.65188737475,0.651187,0.022261707742494,0.61520705,0.6896856,1.00148121933809,4426.70148021049,2417.09082656337
