"subp_id","name","lambda.med","lambda.05","lambda.95"
1,"Undisturbed",1.0485687813352,1.00530524890634,1.13349178124047
2,"Fire",0.985496690862561,0.95391199455764,0.995789615813151
3,"WPBR",1.00015177097333,0.947021778136714,1.1984879490464
4,"Low BA",1.3407274340567,1.12338983504429,1.70128429311949
5,"High BA",0.984935411852674,0.965671903836992,1.01124315773923
6,"Low Drought",1.06282128185606,1.01079149360195,1.16641573837047
7,"High Drought",1.03478604278888,0.994696516233438,1.14355493984138
8,"Wet Site",1.05119812088643,1.00947387412822,1.14302099922357
9,"Dry Site",1.05234814147733,0.991568841653686,1.19012730711867
