"","subp_id","name","lambda.med","lambda.05","lambda.95"
"1",1,"Undisturbed",0.98006388423405,0.954462452249637,1.00540363753476
"2",2,"Fire",0.644079947838526,0.521058052384439,0.787880278750966
"3",3,"WPBR",0.946923052546556,0.855770631948428,0.994623771115012
"4",4,"Low BA",1.00177013991825,0.975264248486209,1.02894783535642
"5",5,"High BA",0.946668220290483,0.9115620086697,0.976319387157393
"6",6,"Low Drought",0.990902492223647,0.963964826534989,1.01663535899301
"7",7,"High Drought",0.967625737562626,0.934684395523853,0.998022560348298
"8",8,"Wet Site",1.00053474983512,0.975125970296874,1.0251640474392
"9",9,"Dry Site",0.953708175703556,0.919644582961065,0.985032498373549
