"subp_id","name","lambda.med","lambda.05","lambda.95"
1,"Undisturbed",0.998114144802499,0.985239692249821,1.01230574559453
2,"Fire",0.990488524360344,0.967084262251565,0.997168848260447
3,"WPBR",0.99214951884373,0.938218853377806,1.02236647293313
4,"Low BA",1.02545166832834,1.00596214622213,1.05154577282702
5,"High BA",0.977147775359188,0.961138672646938,0.990102174136766
6,"Low Drought",0.999846505967241,0.985859183952866,1.0153828762309
7,"High Drought",0.995487913337205,0.979167008474586,1.01295302765609
8,"Wet Site",1.00377622428164,0.991122823067686,1.0203209990269
9,"Dry Site",0.984305244166443,0.963325145487577,1.00477528339236
