"","subp_id","name","lambda.med","lambda.05","lambda.95"
"1",1,"Undisturbed",0.949034656832627,0.85610543098915,1.22605097600072
"2",2,"Fire",0.643776596989999,0.49312808942955,0.791635575644751
"3",3,"WPBR",0.959603825175435,0.78342589095228,1.17494211800737
"4",4,"Low BA",0.959112851269142,0.841691805078288,1.2948431650365
"5",5,"High BA",0.939383254803096,0.856165101316304,1.14015230202102
"6",6,"Low Drought",0.960515401423863,0.864709626854467,1.24083173171469
"7",7,"High Drought",0.942883869997535,0.817729053454999,1.20958436273833
"8",8,"Wet Site",0.979483737868854,0.879697021450997,1.25832040764469
"9",9,"Dry Site",0.918584769986382,0.782030400672342,1.18729327412315
