"subp_id","name","lambda.med","lambda.05","lambda.95"
1,"Undisturbed",1.0703604284478,1.01624074923722,1.17424817632106
2,"Fire",0.985688301553967,0.952716033862253,0.995974325097877
3,"WPBR",1.00141215927649,0.950783683879626,1.20913911945987
4,"Low BA",1.40238276113854,1.16445086776773,1.80049989406935
5,"High BA",0.988756322047605,0.968600704552131,1.02778303306439
6,"Low Drought",1.08730491437414,1.02194527089112,1.20985121734904
7,"High Drought",1.05235050376297,1.00152418626047,1.18748658173341
8,"Wet Site",1.06475766068945,1.01598219385271,1.1860341057127
9,"Dry Site",1.08652362266598,1.00179889939893,1.24921532864428
