"","subp_id","name","lambda.med","lambda.05","lambda.95"
"1",1,"Undisturbed",1.04211875741682,1.0119247996755,1.07442305140795
"2",2,"Fire",0.608705726026093,0.51136471260834,0.698426260709649
"3",3,"WPBR",0.985715691941335,0.901764978338933,1.05960048008534
"4",4,"Low BA",1.09483868371024,1.06093684558919,1.13243825820157
"5",5,"High BA",0.979489197355615,0.938484085953471,1.02161381101088
"6",6,"Low Drought",1.04679029743646,1.01445618509196,1.08005347312638
"7",7,"High Drought",1.03363550690968,0.992419095644032,1.07887615913211
"8",8,"Wet Site",1.04756306589894,1.01570335873283,1.08044451658702
"9",9,"Dry Site",1.04078301089313,0.994100480416277,1.09149967431571
