"","subp_id","name","lambda.med","lambda.05","lambda.95"
"1",1,"Undisturbed",1.43762258604099,1.32235976676118,1.57116042904506
"2",2,"Fire",0.64130411178697,0.540432640546522,0.746591541154748
"3",3,"WPBR",1.13703411457852,0.922553564516332,1.45737572897921
"4",4,"Low BA",1.52324118820914,1.40033364383659,1.66919274360025
"5",5,"High BA",1.32599638005245,1.15756265524997,1.53302182253117
"6",6,"Low Drought",1.45606731609773,1.33300363386855,1.60730764099964
"7",7,"High Drought",1.41756847292855,1.26833712167299,1.58934598289627
"8",8,"Wet Site",1.45984053916582,1.31689841850135,1.64947921556582
"9",9,"Dry Site",1.40583972788759,1.25001803287586,1.5870994531544
