"","subp_id","name","lambda.med","lambda.05","lambda.95"
"1",1,"Undisturbed",0.979741999016347,0.95337634096411,1.00519963449253
"2",2,"Fire",0.642907270772028,0.520747560772054,0.788087817808756
"3",3,"WPBR",0.947753307545365,0.856939957809755,0.994048264218885
"4",4,"Low BA",1.00162967979062,0.97390626522749,1.02919832095542
"5",5,"High BA",0.946368067873972,0.911534953049232,0.976619616548174
"6",6,"Low Drought",0.990738369683777,0.962891421758095,1.0172141350793
"7",7,"High Drought",0.967314880756479,0.933490778593431,0.998265669192757
"8",8,"Wet Site",1.00004308475815,0.973812853608961,1.02521509607166
"9",9,"Dry Site",0.952773792256095,0.917988081859883,0.985526886737994
