"","subp_id","name","lambda.med","lambda.05","lambda.95"
"1",1,"Undisturbed",0.978192347021445,0.952330913176186,1.00270392686434
"2",2,"Fire",0.639083145843501,0.51883922914613,0.786457785584825
"3",3,"WPBR",0.947299218442708,0.855400540277077,0.994710733270316
"4",4,"Low BA",1.00099523599873,0.973666241794341,1.0286816940096
"5",5,"High BA",0.944468915714855,0.909254229881809,0.973253742428646
"6",6,"Low Drought",0.989761817438567,0.961937220501264,1.01516072819805
"7",7,"High Drought",0.965246466452774,0.931550327138436,0.99555998404612
"8",8,"Wet Site",0.999337480006631,0.972990380270481,1.02422802461203
"9",9,"Dry Site",0.949827823239965,0.915168765534186,0.981180036560099
