"subp_id","name","lambda.med","lambda.05","lambda.95"
1,"Undisturbed",1.13942864760712,1.03691313385023,1.30542863729011
2,"Fire",0.981389306748125,0.940918020493133,0.994007979931015
3,"WPBR",1.07588072723434,0.976405722833557,2.19158670372151
4,"Low BA",1.69145210617405,1.2513955188911,2.57282731715691
5,"High BA",1.00407731951542,0.980010825473723,1.06637083629651
6,"Low Drought",1.11209651117249,1.02654266880507,1.27242470258512
7,"High Drought",1.17722036940591,1.02993878460426,1.47373646402991
8,"Wet Site",1.13859202189024,1.03821522523988,1.3721882503188
9,"Dry Site",1.14358372334998,1.01547175017347,1.38417904622562
