"subp_id","name","lambda.med","lambda.05","lambda.95"
1,"Undisturbed",1.04740436793311,0.99661924762335,1.13349118493308
2,"Fire",0.879598457650392,0.799108269089927,0.932641708905925
3,"WPBR",0.977232585688489,0.907829570964907,1.19848794426783
4,"Low BA",1.34072727700129,1.12303770148814,1.70128429255315
5,"High BA",0.973163534740078,0.949329017673835,1.0088660293203
6,"Low Drought",1.06223736382852,1.00411676076543,1.16641487396947
7,"High Drought",1.03070059111321,0.977631621478791,1.1435018471405
8,"Wet Site",1.04994570135251,1.0034485157165,1.14299605439496
9,"Dry Site",1.05126103248467,0.977006201809329,1.1901270386577
