"Parameter","Mean","Median","StDev","q5","q95","rhat","ess_bulk","ess_tail"
"Intercept",-2.94083402,-2.93801,0.227169346520144,-3.321653,-2.5752495,1.00006442909679,2972.4352803648,2109.28271378404
"NB Dispersion",0.065119885725,0.0568877,0.0431868606424117,0.02809193,0.12475645,1.00303993117634,2874.38510554399,2201.70886236257
