"Parameter","Mean","Median","StDev","q5","q95","rhat","ess_bulk","ess_tail"
"Intercept",-2.929415985,-2.92447,0.224207763533708,-3.2927695,-2.563657,1.00195724200171,2564.65748117753,2375.04780462563
"NB Dispersion",0.06394615805,0.05624495,0.0331087907566905,0.028143185,0.1244273,1.00104286193955,2990.07202115597,2402.26202133463
